name,category,tags,team_or_individual,team_size_min,team_size_max,grade_min,grade_max,cost_tier,cost_detail,advisor_required,registration_owner,start_by_date,deadline_display,deadline_date,deadline_type,time_commitment,full_timeline,what_it_is,what_you_need_to_do,source_url,verification_status,last_checked,notes,active
MIT THINK Scholars,STEM & Research,STEM|Research,Both,1,2,9,12,Free,Free to apply.,FALSE,Student,,"Applications due January 1, 2027",2027-01-01,Submission,Weeks,"Applications open Nov 1, 2026. Due Jan 1, 2027. Winners receive funding and MIT mentorship.","Rather than judging finished research, THINK funds students who have done deep background work on a project but lack the resources to build it. Selected students get mentorship and a budget.","Write a project proposal in science, tech, or engineering. Strong proposals have an insightful idea, clearly defined goals, and a realistic implementation procedure. Start well before November.",https://think.mit.edu/,Verified-3rdParty,,US residents only.,TRUE
Central Sound Regional Science & Engineering Fair,STEM & Research,STEM|Research|Science Fair,Both,1,3,9,12,Free,Free to enter.,TRUE,Teacher,,"Fair day Saturday, March 6, 2027",2027-03-06,Competition date,Semester-long,"Fair March 6, 2027 at Mountlake Terrace High School. Top projects advance to WSSEF. Grand Champion advances directly to ISEF.","The ISEF-affiliated regional fair for the Central Sound area. You present to local industry professionals and academics, get feedback, and compete for advancement.","Run an original science or engineering project inside a continuous 12-month window. Secure ISEF approval BEFORE testing if it involves human participants, vertebrate animals, hazardous biological agents, or hazardous chemicals. Submit Forms 1, 1A, 1B and a research plan. Keep a daily digital logbook.",https://www.centralsoundfair.org/,Verified-3rdParty,,Advisor must be on record BEFORE registration. Cannot have reached age 20 before May 1 of competition year. King/Snohomish students must do this fair before WSSEF.,TRUE
Washington State Science & Engineering Fair (WSSEF),STEM & Research,STEM|Research|Science Fair,Both,1,3,9,12,Under $50,$30 per student.,TRUE,Teacher,,"Grades 9-12 compete April 3, 2027",2027-04-03,Competition date,Semester-long,"April 2-3, 2027. High school competes April 3. Grand Champions (roughly top 9-10 projects) form the WISE team that goes to ISEF.",The state fair. High schoolers from across Washington present independent research and compete within a single category.,"You do not need to win at CSRSEF to attend, but King and Snohomish county students must participate in their regional fair first. A high placement in your category does not guarantee ISEF. Only Grand Champion awards advance.",https://wssef.org/,Verified-3rdParty,,Cannot have reached age 20 before May 1 of competition year.,TRUE
Regeneron ISEF,STEM & Research,STEM|Research|Science Fair,Both,1,3,9,12,Free,Free for finalists.,TRUE,Teacher,,"May 8-14, 2027",2027-05-08,Competition date,Semester-long,"May 8-14, 2027. Entry is by qualification through WSSEF Grand Champion only.","The world's largest and most prestigious pre-college STEM competition. Roughly 1,800 finalists from more than 60 countries compete for nearly $9 million in prizes and scholarships.","You cannot enter directly. Qualify through the regional and state fair pipeline. Note the booth rules: no live organisms, no unshielded high voltage, no liquids including water, no hazardous chemicals active at the exhibition booth.",https://www.societyforscience.org/isef/,Verified-3rdParty,,Qualification required. Start at CSRSEF.,TRUE
Davidson Fellows Scholarship,STEM & Research,STEM|Research|Writing|Scholarship,Both,1,2,9,12,Free,Free to apply.,FALSE,Student,,Typically mid-February 2027,2027-02-15,Submission,Semester-long,2027 application opens Fall 2026. Typical deadline mid-February.,"One of the most demanding scholarships available. Awards $50,000, $25,000, or $10,000 to students 18 and under for a significant completed body of work in STEM, literature, music, philosophy, or an outside-the-box category.","Submit a completed, original work that makes a genuine contribution to your field. For STEM that usually means research that could be peer-reviewed or already is. Also required: a written overview, a video presentation, and letters of recommendation. Successful applicants often spend 12 to 24 months on the work.",https://www.davidsongifted.org/gifted-programs/fellows-scholarship/,Unverified-Typical,,Must be 18 or younger. Exact 2027 date not confirmed.,TRUE
Breakthrough Junior Challenge,STEM & Research,STEM|Video|Communication,Individual,1,1,9,12,Free,Free to apply.,FALSE,Student,,"Submissions close September 15, 2026",2026-09-15,Submission,Weeks,"Opens May, closes mid-September annually. Peer review follows submission.","A global science video competition. Students explain one big idea in physics, mathematics, or the life sciences in under two minutes. The overall winner receives a $250,000 college scholarship, money for their teacher, and a new science lab for their school.","Make an original video of two minutes or less explaining a scientific concept. Animated, live-action, or both. Then score at least five other students' videos in the peer review round, which is required to complete your entry. Regional champions are decided partly by likes and positive reactions across Breakthrough's social channels.",https://breakthroughjuniorchallenge.org/enter,Verified-3rdParty,,"Ages 13-18. Popularity voting is part of judging, so plan distribution, not just the video.",TRUE
GENIUS Olympiad,STEM & Research,STEM|Environment|Business|Art|Writing,Both,1,2,9,12,$50-200,$50 application fee per project. $500 participant registration if selected as a finalist.,TRUE,Student,,"Applications due March 7, 2027, 6:00 AM PST",2027-03-07,Submission,Weeks,"Applications due March 7, 2027. Finalists announced March 25, 2027. Global finals June 8-11, 2027 in Rochester, NY.","An international project competition focused entirely on environmental issues, across Science, Writing, Business, Robotics, Art, Music, and Short Film.",Build and submit a project addressing an environmental problem. Depending on category this ranges from lab research on renewable energy to an artwork or a sustainability business plan. Submit online for initial judging to earn a finals invitation.,https://www.geniusolympiad.org/,Verified-3rdParty,,Ages 13-18. The $500 finalist fee plus travel to Rochester is the real cost. Budget before entering.,TRUE
"Research Publication Venues (NHSJS, JEI)",STEM & Research,STEM|Research|Publication,Both,1,,9,12,Free,"Free to submit, publishing fee may apply.",TRUE,Student,,"Rolling, year-round",,Rolling,Semester-long,"Rolling submissions. Review and revision often takes several months, so submit as soon as the paper is done.",Peer-reviewed journals that publish original research by high schoolers. NHSJS and JEI are the two most established.,"Write a full formal manuscript with Abstract, Introduction, Methods, Results, Discussion, and References. Submit through the journal portal with mentor or teacher consent forms. Expect peer review and required revisions before publication.",https://nhsjs.com,Rolling,,"NHSJS grades 9-12, JEI grades 6-12. Requires a professor or senior mentor. Second URL: emerginginvestigators.org",TRUE
US Physics Olympiad (USAPhO),STEM & Research,STEM|Physics|Exam,Individual,1,1,9,12,Under $50,$35 to $50 school site registration plus $3 to $6 per student for the F=ma exam.,TRUE,School,,"Registration closes mid-to-late January 2027. Exam February 12, 2027.",2027-01-15,Registration,One day,"Registration opens mid-to-late September 2026, closes mid-to-late January 2027. F=ma exam expected February 12, 2027. High scorers advance to USAPhO.","The premier US high school physics competition, run by AAPT. It is the primary path onto the U.S. Physics Team.","Take the F=ma exam, a 75-minute multiple choice test on algebra-based classical mechanics. High scorers advance to USAPhO, a calculus-based free-response exam covering mechanics, E&M, thermodynamics, and optics.",https://www.aapt.org/physicsteam/,Verified-3rdParty,,"BLOCKER: a teacher must register the school as an official testing site through the AAPT portal. Ask the physics teacher, department head, or counselor.",TRUE
US Chemistry Olympiad (USNCO),STEM & Research,STEM|Chemistry|Exam,Individual,1,1,9,12,Free,Free for most local ACS sections.,TRUE,School,,Local exam typically March 2027,2027-03-01,Competition date,One day,WA Puget Sound section usually hosts the local exam at Bellevue College in March. National Exam set by ACS for mid-April 2027.,A multi-tier chemistry competition run by the American Chemical Society to identify top high school chemistry students nationally.,"Sign up through your school or the local ACS section for the Local Chemistry Olympiad Exam. Check the school Chemistry Club. Top performers advance to the National Exam: multiple choice, written free response, and a hands-on lab practical.",https://www.acs.org/education/olympiad.html,Unverified-Typical,,Students under 20. Exact local exam date not confirmed.,TRUE
USA Biology Olympiad (USABO),STEM & Research,STEM|Biology|Exam,Individual,1,1,9,12,$50-200,$125 school registration fee covering all students.,TRUE,School,,School registration opens late fall 2026. Open Exam February 2027.,2027-02-01,Competition date,One day,School registration late fall 2026. Open Exam February 2027. Top 10% advance to Semifinals. Top 20 attend a two-week national training camp.,"The premier US high school biology competition, sponsored by the Center for Excellence in Education. It selects the U.S. team for the International Biology Olympiad.","Register through your school for the Open Exam, a 50-minute multiple choice test covering cellular biology, plant anatomy, genetics, ecology, and ethology.",https://www.usabo-trc.org/,Unverified-Typical,,"BLOCKER: school must register. One $125 fee covers every student, so recruiting classmates lowers nobody's cost but makes the ask easier on the teacher.",TRUE
Science Olympiad,STEM & Research,STEM|Team|Engineering,Team,15,15,9,12,$50-200,$75 to $300 per team.,TRUE,School,,Registration opens early fall 2026. Tournaments January to April 2027.,2027-01-15,Competition date,Semester-long,"Team registration typically opens early fall. Invitational, regional, state, and national tournaments run January through April 2027.","The largest team-based STEM competition in the US, with 23 events spanning biology, chemistry, physics, earth science, and engineering design.","Join or form a 15-student school team. Pair up with teammates to study, run labs, or build devices like bridges, gliders, and towers, then compete against other schools.",https://www.soinc.org/,Unverified-Typical,,"Division C is grades 9-12, maximum seven 12th graders on a 15-student team. Needs 15 committed students and a school advisor, the highest coordination cost on this list.",TRUE
Wharton Global High School Investment Competition,Finance & Economics,Finance|Business,Team,4,7,9,12,Free,Free to enter.,TRUE,Teacher,,"Registration closes September 11, 2026, 5:00 PM ET",2026-09-11,Registration,Semester-long,"Registration opened August 10, closes September 11, 2026. Team account with advisor required by then.","An online investment competition run by Wharton where high school teams manage a $100,000 virtual portfolio and build a strategic plan for a specific client.","Form a team, analyze company financial reports, execute trades in Wharton's simulator, and write both a mid-project strategy report and a final portfolio strategy paper covering asset allocation and investment thesis.",https://globalyouth.wharton.upenn.edu/competitions/investment-competition/,Verified-3rdParty,,BLOCKER: an adult advisor must be attached to the team account before the deadline.,TRUE
National Economics Challenge (NEC),Finance & Economics,Finance|Economics,Team,3,4,9,12,Free,Free to enter.,TRUE,Teacher,,State prelim exams late February to late March 2027,2027-03-01,Competition date,Weeks,"Teacher registration opens January 1, 2027 and closes around early April 2027. Most states run online prelims late February to late March. Top teams advance to national semifinals and a live Quiz Bowl final.","The flagship national high school economics competition, run by the Council for Economic Education, testing microeconomics, macroeconomics, and current international events.","Your coach registers the team, receives test credentials, and proctors the online exams through CEE's EconChallenge portal. Compete in either the David Ricardo division (first-time econ students) or the Adam Smith division (AP, IB, or advanced).",https://www.councilforeconed.org/programs/for-students/national-economic-challenge/,Unverified-Typical,,"BLOCKER: coach must register and proctor. Division choice matters, Adam Smith is significantly harder.",TRUE
High School Fed Challenge,Finance & Economics,Finance|Economics|Policy,Team,3,5,9,12,Free,Free to enter.,TRUE,Teacher,,"Registration closes February 15. Final paper due March 15, 2027.",2027-02-15,Registration,Weeks,"Registration opens September 10, 2026 and closes February 15, 2027. Final research paper due March 15, 2027.","A Federal Reserve competition where students analyze economic data, evaluate macroeconomic conditions, and recommend monetary policy. Winners are recognized by the Fed and published in the Journal of Future Economists.","Research macro trends, inflation, employment, and banking conditions. Produce a formal economic podcast script or academic paper depending on your regional Fed district's format. Present your policy recommendation and defend it in Q&A with Fed economists.",https://www.newyorkfed.org/outreach-and-education/high-school/high-school-fed-challenge,Verified-3rdParty,,"Run nationwide by the Federal Reserve System, not district by district. Up to 3 research assistants beyond the 3-5 presenters. Format is a podcast script or academic paper.",TRUE
Young Investors Society Global Stock Pitch,Finance & Economics,Finance|Investing,Both,1,2,9,12,Free,Free to enter.,FALSE,Student,,"Pitch report and video historically due February 20, 11:59 PM PST",2027-02-20,Submission,Weeks,"Registration opens October 15, 2026. Report and video deadline historically February 20. State and regional rounds lead to global finals.","A global stock pitching competition where students act as analysts, running fundamental analysis on a public company and pitching it to professional investors.","Pick a publicly traded company, perform financial analysis and valuation, write a full equity research report, and record a video pitch arguing buy or sell.",https://yis.org/programs/stock-pitch-competition/,Unverified-Typical,,No advisor needed. One of the few finance competitions a student can enter alone.,TRUE
Harvard International Economics Essay Contest (HIEEC),Finance & Economics,Economics|Writing,Individual,1,1,9,12,Under $50,"$20 reading fee for US students, $30 international.",FALSE,Student,,Submissions typically due January 5,2027-01-05,Submission,Weeks,Prompts historically released late October. Submissions typically due January 5.,An international essay competition run by the Harvard Undergraduate Economics Association with the Harvard International Review.,"Pick one of four released prompts and write an analytical essay under a strict 1,500-word limit. Cite everything in APA or Chicago. Submit as a PDF before the deadline.",https://www.thehuea.org/competitions/hiiec,Unverified-Typical,,One of the few paid entries in this section. Word limit is enforced strictly.,TRUE
John Locke Essay Competition,Writing & Humanities,Writing|Economics|Philosophy|Politics|History|Law,Individual,1,1,9,12,Free,Free to enter.,FALSE,Student,,"Submission deadline expected May 31, 2027",2027-05-31,Submission,Weeks,"Prompts released early February 2027. Submission deadline May 31, 2027.","An international essay competition run by the John Locke Institute, judged by scholars from Oxford and Princeton, covering Philosophy, Politics, Economics, History, Psychology, Theology, and Law.","Choose one official prompt and write a persuasive essay up to 2,000 words. Build a strong thesis backed by theory, logic, and empirical evidence.",https://www.johnlockeinstitute.com/essay-competition,Verified-3rdParty,,Must be 18 or younger on the submission deadline. Registration deadline is separate from and earlier than submission. Late entries have historically carried a fee.,TRUE
National Personal Finance Challenge,Finance & Economics,Finance|Personal Finance,Team,3,4,9,12,Free,Free to enter.,TRUE,Teacher,,WA registration window early January to mid-April 2027,2027-04-15,Registration,Weeks,WA team registration early January to mid-April 2027. Online preliminary exam window falls in the same range. Top state teams advance to National Finals.,"A CEE national competition testing personal finance, financial planning, and money management.","Compete in state testing covering earning income, spending, saving, investing, managing credit, and managing risk. Top state teams build and present a financial plan for a fictitious family to expert judges.",https://www.councilforeconed.org/programs/for-students/national-personal-finance-challenge/,Unverified-Typical,,Same organizer as NEC. One teacher can plausibly run both.,TRUE
Berkeley Economic Review Essay Contest,Finance & Economics,Economics|Writing,Individual,1,1,9,12,Free,Free to enter.,FALSE,Student,,Submissions typically due mid-March 2027,2027-03-15,Submission,Weeks,Prompts expected early February 2027. Submission deadline typically mid-March 2027.,An international essay contest hosted by UC Berkeley's undergraduate peer-reviewed economics journal.,"Write an original essay under 1,000 words responding to the semester's featured prompt. Support the argument with credible academic sources and submit through their portal.",https://econreview.studentorg.berkeley.edu/,Unverified-Typical,,"1,000 words is short. Free, individual, no advisor. Low cost of entry relative to signal.",TRUE
International Economics Olympiad,Finance & Economics,Economics|Finance|Business,Individual,1,1,9,12,Free,Free to participate if selected for the national team.,FALSE,Student,,"Registration deadline February 27, 2027, 8:59 PM PST",2027-02-27,Registration,Weeks,"Registration closes February 27, 2027. Round 1 exam, open to all, March 13, 2027 at 5:00 PM PST. Qualifiers move through the national pipeline to the international event.","An annual international competition testing Economics, Financial Literacy, and Business.","Qualify through the national pipeline. At the international event you complete three stages: a written exam on general economics, a financial literacy game simulation, and a 24-hour team business case study presented to international judges.",https://ieo-official.org/,Verified-3rdParty,,Round 1 uses remote anti-cheating proctoring. Under 20 and not enrolled in university.,TRUE
DECA,Business & Entrepreneurship,Business|Marketing|Finance|Hospitality,Both,1,3,9,12,$50-200,"National dues $8 plus state and local dues, typically $20 to $40 total. Conference registration $50 to $150+ per level.",TRUE,School,,District qualifiers November 2026 through January 2027,2026-11-01,Competition date,Semester-long,Districts November 2026 to January 2027. State conferences February and March 2027. ICDC April 2027.,"One of the largest international business student organizations, preparing students for careers in marketing, finance, hospitality, and management through case studies, roleplays, and written business plans.","Join your school's chapter, pick a competitive event such as an individual roleplay or team decision-making, and take a 100-question career cluster exam proctored by your advisor.",https://www.deca.org/,Unverified-Typical,,Requires an active school chapter. Highest recurring cost on this list once conference fees stack.,TRUE
FBLA,Business & Entrepreneurship,Business|Finance|Cybersecurity|Public Speaking,Both,1,3,9,12,Under $50,"National dues $10 plus state and local, typically $15 to $30 total. Conference fees apply for state and national.",TRUE,School,,Regional and state qualifiers January to April 2027,2027-01-15,Competition date,Semester-long,Regionals and state January to April 2027. National Leadership Conference late June 2027.,"Future Business Leaders of America, with over 70 competitive events across accounting, finance, cybersecurity, public speaking, and entrepreneurship.","Compete in objective tests or presentation events at regional and state conferences. If your school has no chapter you can either charter one with a faculty advisor and a few classmates, or join as a virtual or direct independent member and still compete at state and national.",https://www.fbla.org/,Unverified-Typical,,"The virtual membership path is the workaround if no chapter exists. Worth flagging prominently, most students do not know it exists.",TRUE
Marshall Society Essay Competition (Cambridge),Finance & Economics,Economics|Writing,Individual,1,1,10,12,Free,Free to enter.,FALSE,Student,,"Submissions due August 30, 2026, 11:59 PM UK time",2026-08-30,Submission,Weeks,"Prompts released July 2026. Submissions due August 30, 2026.","An international economics essay contest run by the Marshall Society, the undergraduate economics society at the University of Cambridge.","Pick one of the annual prompts and write an analytical essay under 1,250 words focused on logical reasoning, strong evidence, and original economic argument. Submit as a PDF.",https://marshallsoc.org/,Verified-3rdParty,,"Closes in days. If nobody enters this year, it returns next July.",TRUE
Blue Ocean Competition,Business & Entrepreneurship,Business|Entrepreneurship|Pitch,Both,1,4,9,12,Free,Free to enter.,FALSE,Student,,"Pitch submissions due February 21, 2027",2027-02-21,Submission,Weeks,"Registration opened May 13, 2026. Pitch submissions due February 21, 2027.",The largest virtual high school entrepreneurship competition in the world. Students pitch original business concepts that create new market space rather than competing in existing markets.,"Develop a business idea using Blue Ocean strategy, build a slide deck, and record a 3 to 5 minute video pitch covering value proposition and market strategy. Submit online for review by entrepreneurs and business leaders.",https://blueoceancompetition.org/register/,Verified-3rdParty,,Start early. Customer validation and iteration are what separate placing entries from the rest.,TRUE
Diamond Challenge,Business & Entrepreneurship,Business|Entrepreneurship|Social Impact|Pitch,Both,1,4,9,12,Free,Free to enter.,TRUE,Student,,Submissions due mid-January 2027,2027-01-15,Submission,Weeks,"Submissions open September 2026, due mid-January 2027. Semifinalists advance to virtual or live regional pitch rounds. Summit April 2027.","A global entrepreneurship competition from Horn Entrepreneurship at the University of Delaware, focused on creative problem-solving and startup building.",Develop a startup concept in either the Business Innovation or Social Innovation track. Submit a pitch deck of up to 15 slides and a 3-minute video pitch.,https://diamondchallenge.org/competition/,Unverified-Typical,,"Any adult can serve as advisor, not necessarily a teacher. Ages 14-18.",TRUE
Conrad Challenge,Business & Entrepreneurship,Business|STEM|Entrepreneurship,Team,2,5,9,12,Over $200,Free to submit. $499 for the Innovation Stage. $499 per guest for the Summit.,TRUE,Student,,"Registration closes October 29, 2026",2026-10-29,Registration,Semester-long,"Registration opens August 27, 2026 and closes October 29, 2026. Innovation Stage runs from October 29, 2026 to early January 2027. Finalists present at the Conrad Innovation Summit.","A global innovation competition where teams use STEM, business design, and entrepreneurship to build commercially viable solutions to major global challenges.","Pick a category such as Aerospace, Cyber-Technology, Health, or Sustainability. Complete Phase 1 (Investor Pitch), then Phase 2 (Business Plan, Innovation Brief, and Video). Finalists present live at the Summit.",https://conrad.spacecenter.org/,Verified-3rdParty,,The $499 Innovation Stage fee is the highest barrier in this section and it hits AFTER you submit Phase 1. Say so up front. Source doc had a 2027 typo in the Innovation Stage start year.,TRUE
NFTE World Series of Innovation,Business & Entrepreneurship,Business|Entrepreneurship|Social Impact,Both,1,4,9,12,Free,Free to enter.,FALSE,Student,,"Submissions due December 13, 2026, 8:59 PM PST",2026-12-13,Submission,Weeks,"Challenges launch September 9, 2026 at 6:00 AM PST. Submissions due December 13, 2026.","An international entrepreneurship competition from the Network for Teaching Entrepreneurship, built around business solutions aligned to the UN Sustainable Development Goals.","Pick one of several corporate-sponsored challenge categories. Create a product or service concept, build a business proposal covering target market and revenue model, and submit online.",https://nfte.com/events/2026-27-world-series-of-innovation-new-challenges-launch-sept-9/,Verified-3rdParty,,"Ages 13-19, grades 7-12. No advisor required.",TRUE
Technovation Girls,Business & Entrepreneurship,Business|CS|Entrepreneurship,Team,2,5,9,12,Free,Free to enter.,TRUE,Student,,Final submissions due late April 2027,2027-04-25,Submission,Semester-long,Registration opens October 2026. Season runs January to April 2027. Submissions due late April 2027.,A global technology entrepreneurship program where young women code mobile apps or AI tools to solve real community problems.,"Identify a community issue, code a mobile app or design an AI prototype, write a full business plan, and produce a 2-minute pitch video.",https://technovationchallenge.org/get-involved/,Unverified-Typical,,"ELIGIBILITY: girls only, Senior Division ages 15-18. Requires an adult mentor. Cross-listed under Math & Computer Science.",TRUE
Paradigm Challenge,Business & Entrepreneurship,Business|STEM|Civic|Social Impact,Both,1,5,9,12,Free,Free to enter.,FALSE,Student,,"Entries due May 1, 2027",2027-05-01,Submission,Weeks,"Two-year cycle. Entries opened May 2, 2025 and close May 1, 2027.","An international competition from Project Paradigm where youth use STEM, business design, media, or civic engagement to solve global issues in health, safety, or environmental waste.","Build a solution to the current challenge topic in any medium: an invention, business proposal, app, video, or community program. Submit a written summary and supporting materials on impact and implementation.",https://www.projectparadigm.org/,Verified-3rdParty,,"Runs on a two-year cycle, so the window is long and the format is very open. Both cut two ways: no time pressure means no forcing function.",TRUE
Wharton High School Data Science Competition,Math & Computer Science,Data Science|Statistics|Sports,Team,3,5,9,12,Free,Free to enter.,FALSE,Student,,Project submissions due March 2027,2027-03-15,Submission,Weeks,Registration opens January 2027. Datasets released February 2027. Submissions due March 2027. Virtual finals April 2027.,A global sports analytics and data science competition from the Wharton Sports Analytics and Business Initiative and Wharton Global Youth.,"Use provided real-world sports datasets to build statistical models, analyze player and team performance, predict outcomes, and submit a technical report on your insights and methodology.",https://globalyouth.wharton.upenn.edu/competitions/data-science/,Unverified-Typical,,Same organizer as the Wharton Investment Competition. Ages 14-18.,TRUE
"The AMC Progression (AMC 10/12, AIME, USAMO)",Math & Computer Science,Math|Exam,Individual,1,1,9,12,Under $50,"School registration $50 to $100, plus $25 to $30 per bundle of 10 booklets. Often covered by the school or charged as a $10 to $15 student fee.",TRUE,School,,AMC 10/12 exams November 2026,2026-11-05,Competition date,One day,Registration opens late summer 2026. AMC 10/12 November 2026. AIME February 2027. USAMO and USAJMO follow for qualifiers.,"The premier US high school mathematics pipeline, run by the Mathematical Association of America. AMC 10/12 leads to AIME, which leads to the national olympiads.","Register through your school or an approved testing center. Take a 25-question, 75-minute multiple choice exam with no calculator. High scorers earn an AIME invitation, which is the qualifier for the US national olympiad teams.",https://maa.org/math-competitions/,Verified-3rdParty,,"BLOCKER, HIGHEST PRIORITY: your school must register as an official MAA testing site, and that window closes well before the November exam. AMC 10 is grades 10 and below, under 17.5 years. AMC 12 is grades 12 and below, under 19.5 years.",TRUE
USACO,Math & Computer Science,CS|Programming,Individual,1,1,9,12,Free,Free to enter.,FALSE,Student,,First contest December 2026,2026-12-11,Competition date,One weekend,"Four online contests per season, running monthly from December 2026 through the US Open in March 2027.","The USA Computing Olympiad, a four-division competitive programming ladder leading to the US team for the International Olympiad in Informatics.","Create a free account and enter a contest weekend. Everyone starts at Bronze. You get 4 hours in a self-scheduled window to solve 3 algorithmic problems in C++, Java, or Python. A high score promotes you to Silver, then Gold, then Platinum.",http://www.usaco.org/,Verified-3rdParty,,"LOWEST BARRIER ON THE ENTIRE HUB. No teacher, no team, no fee, no permission. A student can register tonight. Feature this one.",TRUE
Congressional App Challenge,Math & Computer Science,CS|Programming|Civic,Both,1,4,9,12,Free,Free to enter.,FALSE,Student,,App submissions due late October 2026,2026-10-30,Submission,Weeks,Registration opened June 2026. Final app submissions due late October 2026. Judged by your local congressional district office.,"A nationwide coding competition hosted by Members of Congress. Each district judges its own entries, so the applicant pool you compete against is small.","Design and code an original app, mobile, web, desktop, or tablet, in any language on any topic. Submit a 3-minute video explaining purpose, functionality, and technical architecture. The strongest submissions solve a local or personal problem.",https://www.congressionalappchallenge.us/,Verified-3rdParty,,Grades 6-12. District-based judging makes this the best odds-to-prestige ratio on the list.,TRUE
CyberPatriot,Math & Computer Science,CS|Cybersecurity,Team,2,6,9,12,Over $200,"$205 per team. Waived for Title I schools, all-female teams, JROTC, and Civil Air Patrol units.",TRUE,Teacher,,Registration closes October 2026,2026-10-01,Registration,Semester-long,"Registration opened May 2026, closes October 2026. Qualification rounds monthly October through December 2026. National finals spring 2027.",The National Youth Cyber Defense Competition from the Air & Space Forces Association. Students act as IT professionals defending virtual networks.,"During 6-hour rounds, download virtual OS images, find hidden vulnerabilities, patch flaws, remove malware, and configure network defenses for points.",https://www.uscyberpatriot.org/,Verified-3rdParty,,"BLOCKER: needs an adult coach and $205. Check the all-female team fee waiver, it removes the cost entirely.",TRUE
picoCTF,Math & Computer Science,CS|Cybersecurity,Both,1,5,9,12,Free,Free to enter.,FALSE,Student,,Two-week competition window in March 2027,2027-03-01,Competition date,Weeks,Main competition runs online for two weeks in March 2027.,A global online Capture The Flag cybersecurity competition built by security researchers at Carnegie Mellon.,"Solve interactive challenges across web exploitation, cryptography, reverse engineering, binary exploitation, and digital forensics to find hidden flags and climb a live scoreboard.",https://picoctf.org/,Unverified-Typical,,Grades 6-12. Free and requires nobody's permission. Good entry point for anyone blocked out of CyberPatriot by the fee.,TRUE
ASA Data Visualization Poster Competition,Math & Computer Science,Statistics|Data Science,Both,1,4,9,12,Free,Free to enter.,FALSE,Student,,"Digital posters due April 1, 2027",2027-04-01,Submission,Weeks,"Digital poster submissions due April 1, 2027.",A national statistics competition from the American Statistical Association focused on displaying data analysis visually.,"Formulate a statistical research question, collect or source real data, analyze it, and design a digital poster with graphs, tables, and written explanation of your findings.",https://www.amstat.org/education/asa-data-visualization-poster-competition-for-grades-k-12-,Verified-3rdParty,,"High school categories split grades 7-9 and 10-12. If a student already has data from another project, this is nearly free to enter.",TRUE
ASA Statistics Project Competition,Math & Computer Science,Statistics|Research,Both,1,3,9,12,Free,Free to enter.,FALSE,Student,,"Written reports due June 1, 2027",2027-06-01,Submission,Semester-long,"Final written project reports due June 1, 2027.",A national research competition from the American Statistical Association focused on formal statistical inquiry and scientific reporting.,"Run a complete statistical study: define a hypothesis, collect raw data through surveys or experiments, analyze it with statistical methods, and write a formal report on process and conclusions.",https://www.amstat.org/asa/education/ASA-Statistics-Project-Competition-for-Grades-7-12.aspx,Verified-3rdParty,,"Grades 7-12. Latest deadline on the entire hub, which makes it the natural landing spot for a project that misses an earlier fair.",TRUE
M3 Challenge,Math & Computer Science,Math|Modeling|Data Science,Team,3,5,11,12,Free,Free to enter.,TRUE,Teacher,,14-hour challenge weekend late February 2027,2027-02-20,Competition date,One weekend,Registration opens November 2026. The 14-hour challenge weekend runs late February 2027.,An internet-based math modeling contest from MathWorks and SIAM where teams solve real industrial or societal problems with math and data. Scholarship money for winners.,"Pick a weekend inside the competition window, download the unseen problem prompt, and write a full mathematical model and research paper within 14 consecutive hours.",https://m3challenge.siam.org/,Verified-3rdParty,,"ELIGIBILITY: juniors and seniors only. Free, one weekend, real scholarship money. Best effort-to-reward ratio in this category.",TRUE
HiMCM,Math & Computer Science,Math|Modeling,Team,2,4,9,12,$50-200,$100 registration per team.,TRUE,Teacher,,14-day contest window early November 2026,2026-11-01,Competition date,Weeks,Registration opens September 2026. The 14-day contest window runs early November 2026.,An international mathematical modeling competition from COMAP for high school teams solving complex real-world problems.,"Over a 14-day window, pick one of two real-world prompts, build mathematical models, test assumptions, and write a full research paper with your team.",https://www.comap.org/contests/himcm-midmcm,Verified-3rdParty,,"Open to grades 9-12, unlike M3. Costs $100 where M3 is free, so run M3 unless a sophomore needs modeling experience.",TRUE
We the People,Civics & Policy,Civics|Constitution|Public Speaking,Team,,,9,12,$50-200,Free at local and district levels. National finals participation involves school or chapter registration fees of $150 to $200 per team.,TRUE,Teacher,,Regional and state competitions run November 2026 through February 2027,2026-11-01,Competition date,Semester-long,Regional and state competitions November 2026 through February 2027. National Finals late April 2027.,"A national civic education program run as simulated congressional hearings, where high school teams demonstrate deep knowledge of the U.S. Constitution and Bill of Rights.","Work in student teams acting as constitutional expert witnesses. Prepare and present oral testimony, then answer spontaneous follow-up questions from a panel of judges in simulated congressional hearings.",https://www.civiced.org/we-the-people,Verified-Official,,"Requires a faculty coach, usually AP U.S. Government, AP U.S. History, or Civics, to register the school and oversee prep. Can run as a semester-long social studies elective or an after-school club. If your school has no chapter, you can ask an advisor to establish one.",TRUE
JFK Profile in Courage Essay Contest,Civics & Policy,Civics|Writing|History,Individual,1,1,9,12,Free,Free to enter.,FALSE,Student,,"Submissions close January 11, 2027",2027-01-11,Submission,Weeks,"Submissions open September 1, 2026 and close January 11, 2027.",A national writing contest hosted by the John F. Kennedy Library Foundation honoring acts of political courage by elected officials.,"Write a 700 to 1,000 word essay analyzing an act of political courage by a U.S. elected official who served during or after 1917. Detail the specific act, the obstacles and pressure the official faced, and the personal or political risks they accepted. The act can be at the local, state, national, or international level.",https://www.jfklibrary.org/learn/education/profile-in-courage-essay-contest,Verified-Official,,,TRUE
Voice of Democracy (VFW),Civics & Policy,Civics|Writing|Public Speaking|Scholarship,Individual,1,1,9,12,Free,Free to enter.,FALSE,Student,,"Submissions due October 31, 2026",2026-10-31,Submission,Weeks,"Submissions due October 31, 2026. Judged first by the local post, then district, state, and national rounds with scholarship money at each level.","The Veterans of Foreign Wars audio-essay contest, in which high school students record their views on an annual patriotic theme.","Write and record a 3 to 5 minute audio essay on the annual patriotic theme, then submit the audio file with an entry form to your local VFW Post. Set up a free user profile, fill out the entry forms digitally, upload the files, and select your post so the local committee can judge it.",https://www.vfw.org/community/youth-and-education/youth-scholarships,Verified-Official,,"Mercer Island is VFW Post 5760 (vfwmercerisland.org). Do NOT say your name, school, city, or state anywhere in the written text or the audio recording. Judged first at a local post, so the first-round field is small.",TRUE
American Legion Oratorical Contest,Civics & Policy,Civics|Constitution|Public Speaking|Scholarship,Individual,1,1,9,12,Free,Free to enter.,FALSE,Student,,Contact a local sponsor chapter by early January 2027,2027-01-01,Registration,Weeks,"Applications open November 1, 2026 via waconstitutionalspeechcontest.org. Typical deadline to contact a local King County sponsor chapter and submit an initial speech draft or video is early January 2027. Hard application deadline February 1, 2027. Post and district rounds February through March 2027. State finals at Big Bend Community College, Moses Lake, WA, April 2-3, 2027. National Finals in Indianapolis, IN, April 22-24, 2027.",A constitutional speech contest designed to build knowledge and appreciation of the U.S. Constitution among high school students.,"Prepare and deliver an 8 to 10 minute memorized speech on an aspect of the U.S. Constitution, then deliver a 3 to 5 minute speech on a randomly drawn constitutional topic.",https://www.legion.org/oratorical,Verified-Official,,"Must be under age 20. Washington entries go through waconstitutionalspeechcontest.org. The early-January sponsor-chapter contact is the operative deadline. The February 1, 2027 application form date is a hard backstop, not the date to plan around.",TRUE
Coolidge Scholarship,Civics & Policy,Civics|Public Policy|Writing|Scholarship,Individual,1,1,11,11,Free,Free to apply.,FALSE,Student,,Final deadline expected around December 2026,2026-12-15,Submission,Weeks,Application portal opens late summer or early fall 2026 on the Coolidge Scholars Apply page. Final deadline expected around December 2026.,"A full-ride undergraduate scholarship from the Calvin Coolidge Presidential Foundation, awarded on academic merit, public policy interest, and commitment to public service.","Complete an extensive online application with several short and long essays on Calvin Coolidge, public policy, and leadership, plus letters of recommendation and transcripts.",https://coolidgescholars.org/,Unverified-Typical,,"ELIGIBILITY: grade 11 ONLY, juniors at the time of applying. Seniors are ineligible with no exceptions. Exact deadline not yet published, date shown is a projection. Recommendation letters take weeks to secure, so start in the fall.",TRUE
Harvard International Review Essay Contest,Civics & Policy,Civics|International Affairs|Writing,Both,1,2,9,12,Under $50,$15 to $20 registration fee.,FALSE,Student,,"Fall/Winter article submissions due January 2, 2027",2027-01-02,Submission,Weeks,"Multiple cycles annually: Spring deadline in May, Summer deadline in August, Fall/Winter deadline January 2, 2027. Top applicants advance to Defense Day to present their argument to HIR judges.",An academic writing competition hosted by the Harvard International Review encouraging analytical writing on international affairs.,"Write an 800 to 1,200 word analytical, non-opinion article on one of the designated international affairs prompts, in AP Style. Top applicants advance to Defense Day.",https://hir.harvard.edu/contest/,Verified-Official,,"You must REGISTER separately to compete, submitting alone is not enough. Non-opinion means analytical, an op-ed will score badly.",TRUE
LegalEagleBee Case and Defense Challenges,Civics & Policy,Civics|Law|Constitution,Both,1,,9,12,,Costs range based on which event you enter. Check the site per event.,FALSE,Student,,"9th Case Competition August 30, 2026, 12:00 to 1:00 PM PT",2026-08-30,Competition date,One day,"9th Case Competition August 30, 2026, 12-1 PM PT. Legal Defense Global Challenge registration is open now and closes when the 500-team cap is reached. Stage 1 deadline October 1, 2026. Stage 2 deadline October 29, 2026.","An online legal knowledge and case analysis competition testing students on landmark Supreme Court cases, constitutional law, and judicial reasoning.","Study landmark Supreme Court precedents, then take an online exam on case facts, constitutional principles, and judicial opinions.",https://www.legaleaglebee.com/,Verified-Official,,"COST TIER BLANK: fee varies by event and is not stated as a single figure. The Global Challenge closes at a 500-team cap, not on a date, so it can close early. The Case Competition is a one-hour commitment.",TRUE
Columbia Undergraduate Law Review High School Essay Contest,Civics & Policy,Civics|Law|Writing,Individual,1,1,9,12,Free,Free to enter.,FALSE,Student,,"2027 submission window expected to close June 26, 2027",2027-06-26,Submission,Weeks,"2027 competition is TBA. Submission window expected to end June 26, 2027. Monitor the official site.","An annual writing contest from the Columbia Undergraduate Law Review inviting high schoolers to analyze legal, social, and constitutional issues.",Write a researched academic essay responding to the annual legal prompt in Chicago citation style. Your response must reference at least one court case or legal document.,https://www.culawreview.org/high-school-essay-contest,Unverified-Typical,,"2027 dates are TBA. The date shown is expected, not confirmed. Recheck before publishing.",TRUE
Harvard Political Review Global Policy Case Competition,Civics & Policy,Civics|Public Policy|Writing,Both,1,5,9,12,$50-200,"$45 to $85 registration fee per student, depending on submission deadline tier.",FALSE,Student,,"Priority deadline passed August 1, 2026. Later tiers still open.",2026-10-01,Registration,Weeks,"Priority deadline passed August 1, 2026. Later registration tiers remain open at higher fees. Final deadline not stated in source.",An international policy writing competition from the Harvard Political Review testing analytical and political writing.,"Select a prompt on a pressing economic or global political issue and write an 800 to 1,200 word opinion article presenting an original policy argument in AP Style.",https://pages.algoed.co/hpr/global-policy-case-competition,Unverified-Typical,,"DEADLINE BLANK: only the passed priority deadline is documented, no final date. Fee rises the later you register. Confirm the final deadline before publishing.",TRUE
Bill of Rights Institute MyImpact Challenge,Civics & Policy,Civics|Service|Writing|Scholarship,Individual,1,1,9,12,Free,Free to enter.,FALSE,Student,2026-09-01,"Submissions due May 3, 2027, 11:59 PM PT",2027-05-03,Submission,Semester-long,"Submissions open September 2026, deadline May 3, 2027. Fall: pick your community topic, design the project, and choose a Civic Virtue and Founding Principle. Winter: run the project and document it with photos and video. Spring: write the essay and project report and submit.",A service-learning competition where you run a local volunteer or civic project and connect it in writing to American founding principles and civic virtues.,"Write an essay of up to 1,200 words connecting your community project to at least one Founding Principle and one Civic Virtue from the BRI framework, plus a 2,000 word project report breaking down what you actually did.",https://billofrightsinstitute.org/videos/how-to-apply-myimpact-challenge/,Verified-Official,,"START BY SEPTEMBER 1, 2026. This is a year-long commitment disguised as an essay contest: the community project has to actually run in fall and winter before you can write about it in spring. A student who finds this in April has already missed it. Open to grades 8 to 12, ages 13 to 19.",TRUE
Constituting America We the Future Contest,Civics & Policy,Civics|Constitution|Writing|Media|Scholarship,Both,1,2,9,12,Free,Free to enter.,FALSE,Student,,"Submissions close May 31, 2027",2027-05-31,Submission,Weeks,"Submission window is open now and closes May 31, 2027.","A creative civic competition inspiring students to study the U.S. Constitution and founding documents through academic and artistic mediums. Awards scholarships up to $5,000, national exposure, and a paid winner mentorship trip.","Create and submit an original project based on your grade category prompt. Depending on age group this can be a written essay, a song, a short film, a PSA, a social media video, or a tech or STEM project.",https://constitutingamerica.org/enter-new/,Verified-Official,,"Ages 14-19. Entries must be completely free of AI assistance. Team of 2 applies to the STEM category only. If under 18, a parent, guardian, or teacher must assist with the upload.",TRUE
Princeton Legal Journal High School Essay Contest,Civics & Policy,Civics|Law|Writing|Publication,Individual,1,1,9,12,Under $50,$15 submission fee.,FALSE,Student,,Submissions expected mid-May 2027,2027-05-15,Submission,Weeks,New prompt drops early spring 2027. Submission deadline expected mid-May 2027. Top three authors go through a collaborative editing process with the board and are published in the journal.,"An annual legal writing competition run by the undergraduate editorial board of the Princeton Legal Journal, with publication for the top three authors.","Research and draft an analytical essay between 1,500 and 3,000 words excluding footnotes, answering the annual constitutional legal theme. Proper legal academic citations are mandatory.",https://legaljournal.princeton.edu/high-school-essay-contest/,Unverified-Typical,,"Date is expected mid-May, not confirmed. Submissions are reviewed anonymously, so identifying information in the essay body or file metadata can disqualify you.",TRUE
United States Senate Youth Program (USSYP),Civics & Policy,Civics|Public Policy|Leadership|Scholarship,Individual,1,1,11,12,Free,Free to apply.,TRUE,Student,,"Washington State deadline September 25, 2026, 4:00 PM PT",2026-09-25,Submission,Weeks,"WA state deadline September 25, 2026 at 4:00 PM PT. Other state windows close through September and October 2026. Selected delegates must attend Washington Week, March 6-13, 2027.","A highly selective national program funded by The Hearst Foundations that selects two student delegates per state for an intensive public service week in Washington D.C. Delegates receive a $12,500 undergraduate scholarship.","Apply through your state education department portal. The bundle requires an activities resume, transcripts, letters of recommendation from school administrators, and a response to the Washington state 2026-27 essay prompt. If selected you must attend the full Washington Week program to receive the scholarship.",https://www.awsleaders.org/senate-youth,Verified-Official,,"ELIGIBILITY: must currently hold a high-level elected or appointed leadership position such as Student Body or Class President, VP, Secretary, Treasurer, or Student Council Rep. The student applies individually, but the application requires recommendation letters from school administrators, which take weeks to obtain. Request them first.",TRUE
YoungArts National Writing Competition,Writing & Humanities,Writing|Creative Writing|Poetry|Fiction|Scholarship,Individual,1,1,10,12,Under $50,"$35 registration fee, fee waivers available.",FALSE,Student,,"Submissions close October 6, 2026, 5:00 PM PT",2026-10-06,Submission,Weeks,"Submission portal is open now with a deadline of October 6, 2026 at 5:00 PM PT.","The premier national recognition program and talent search for high school writers, hosted by the National YoungArts Foundation.","Submit a creative writing portfolio through the YoungArts portal in Creative Nonfiction, Fiction, Novel, Play or Screenplay, Poetry, or Spoken Word.",https://youngarts.org,Verified-Official,,"Ages 15-18. A portfolio, not a single piece, so pieces need to already exist. Fee waivers are available in the platform.",TRUE
Ayn Rand Institute Essay Contests,Writing & Humanities,Writing|Literature|Philosophy|Essay,Individual,1,1,8,12,Free,Free to enter.,FALSE,Student,,"Atlas Shrugged closes November 6, 2026",2026-11-06,Submission,Weeks,"Staggered deadlines by book. Atlas Shrugged closes November 6, 2026. Anthem closes April 30, 2027. The Fountainhead closes April 30, 2027.",A long-standing series of literary essay competitions evaluating critical thinking on the philosophical concepts in Ayn Rand's novels.,"Read the designated novel and submit an analytical, text-supported essay answering strict pre-published prompts.",https://aynrand.org,Verified-Official,,"GRADE VARIES BY BOOK: Anthem is grades 8-10, The Fountainhead is grades 11-12, Atlas Shrugged is grade 12 plus undergraduate and graduate. The soonest deadline shown is Atlas Shrugged, which seniors only are eligible for.",TRUE
Bennington Young Writers Awards,Writing & Humanities,Writing|Poetry|Fiction|Nonfiction,Individual,1,1,9,12,Free,Free to enter.,TRUE,Student,,"Submissions close November 1, 2026",2026-11-01,Submission,Weeks,"Submissions open September 1, 2026 and close November 1, 2026.","A national creative writing competition hosted by Bennington College recognizing original fiction, nonfiction, and poetry.","Submit original work under 1,500 words in one of three categories: Poetry (a collection of 1 to 3 poems), Fiction (a short story or standalone excerpt), or Nonfiction (a personal or academic essay).",https://www.bennington.edu/events/bennington-young-creators-awards/bennington-young-writers-awards,Verified-Official,,Requires sponsor teacher approval even though the student submits directly. Ask the teacher before the last week of October.,TRUE
Patricia Grodd Poetry Prize for Young Writers,Writing & Humanities,Writing|Poetry,Individual,1,1,10,11,Free,Free to enter.,FALSE,Student,,Portal open November 1 to November 30 only,2026-11-30,Submission,One weekend,The application portal is open strictly from November 1 through November 30. No submissions outside that window.,"An internationally respected youth poetry award from the editors of The Kenyon Review, one of the most selective literary magazines in the country.","Submit one single original unpublished poem, any length, any style.",https://kenyonreview.org,Verified-Official,,"ELIGIBILITY: grades 10 and 11 ONLY. Seniors and freshmen are ineligible. One poem, free, thirty-day window. Lowest effort entry in this category.",TRUE
Scholastic Art & Writing Awards,Writing & Humanities,Writing|Art|Poetry|Journalism|Essay,Individual,1,1,9,12,Under $50,"$10 per individual entry, $30 per portfolio. Fee waivers available inside the platform.",TRUE,Student,,"December 1, 2026 for Region-at-Large West",2026-12-01,Submission,Weeks,"December 1, 2026 for early regions including Region-at-Large West. Later regions run to January 6, 2027. Regional judging feeds national recognition.","The nation's longest-running and most prestigious creative recognition program for middle and high school students, spanning 28 categories of art and writing.","Submit original artwork or writing through the online system to your regional affiliate. Categories include short stories, critical essays, poetry, journalism, and visual art portfolios.",https://artandwriting.org,Verified-Official,,"King County students register under the Region-at-Large West affiliate, deadline December 1. Confirm your affiliate by school location, the national date is not your date. Account setup requires parent or guardian and educator approval, so start before Thanksgiving.",TRUE
The Concord Review,Writing & Humanities,Writing|History|Research|Publication,Individual,1,1,8,12,$50-200,$70 submission fee.,FALSE,Student,,"Next quarterly deadline November 1, 2026",2026-11-01,Submission,Semester-long,"Fixed quarterly submission dates: November 1, February 1, May 1, and August 1. Next is November 1, 2026.",The only quarterly peer-reviewed academic journal in the world that publishes independent history research papers written by secondary school students.,"Write and submit an original, deeply researched history paper between 5,000 and 15,000 words with comprehensive Turabian or Chicago-style endnotes.",https://tcr.org,Verified-Official,,"5,000 words minimum is a semester of work, not an essay. The quarterly cycle means missing November costs you three months, not a year. Highest word count and highest fee in this category.",TRUE
New York Times Student Contests,Writing & Humanities,Writing|Journalism|Multimedia|Essay,Both,1,,9,12,Free,Free to enter.,FALSE,Student,,"My Tiny Memoir closes October 28, 2026",2026-10-28,Submission,One weekend,"My Tiny Memoir, a 100-word narrative, runs September 16 to October 28, 2026. Roughly six more contests run across the rest of the year, each with its own window.","A year-long series of writing, commentary, and multimedia challenges from The New York Times Learning Network.","Produce and submit work answering the seasonal contest prompt, using NYT articles or original self-expression depending on the contest.",https://nytimes.com,Verified-Official,,"Ages 13-19. Seven or so separate contests per year, each with its own deadline and format. The date shown is the next one, not the only one. A 100-word memoir is the cheapest entry on this entire hub.",TRUE
National History Day,Writing & Humanities,Writing|History|Research|Multimedia,Both,1,5,9,12,Under $50,"Free to $15, varies by region and district.",TRUE,Teacher,,Regional registration mid-February 2027,2027-02-15,Registration,Semester-long,"School-level contests January to early February 2027 if more than one team competes. Regional registration mid-February 2027. Washington State History Day Finals late April to early May 2027. National Finals at the University of Maryland, College Park, June 13-17, 2027.",An annual project-based historical research competition built around primary-source research on a yearly theme.,"Conduct original historical research and present it in one of five formats: Documentary, Exhibit, Paper, Performance, or Website. Compete through local, regional, and state levels to reach Nationals.",https://nhd.org,Verified-Official,,BLOCKER: requires a sponsoring teacher to register the school. Senior Division is grades 9-12. Research must start in the fall to be ready for a January school contest.,TRUE
AFSA National High School Essay Contest,Writing & Humanities,Writing|Civics|International Affairs|Essay,Individual,1,1,9,12,Free,Free to enter.,FALSE,Student,,"Submissions close March 1, 2027, 8:59 PM PST",2027-03-01,Submission,Weeks,"Portal opens in early fall when the prompt is announced, usually September or October 2026. Closes March 1, 2027 at 8:59 PM PST.",A civics and diplomacy essay contest run by the American Foreign Service Association to engage students in the role of international relations.,"Write a 1,000 to 1,500 word analytical essay on the annual prompt, identifying how the U.S. Foreign Service resolved an international crisis or peace-building mission.",https://afsa.org/essay-contest,Verified-Official,,ELIGIBILITY: strictly limited to children of U.S. citizens who are NOT members of the Foreign Service. Check this before writing.,TRUE
Princeton Ten-Minute Play Contest,Writing & Humanities,Writing|Playwriting|Theater,Individual,1,1,11,11,Free,Free to enter.,FALSE,Student,,"Portal launches January 2027, closes at 250 submissions",2027-01-15,Submission,Weeks,"Digital submission portal launches January 2027. A strict quota of 250 submissions shuts the portal for the year, so it can close early.",A national playwriting competition organized by the Lewis Center for the Arts at Princeton University.,Write and submit an original short play up to 10 pages in standard theatrical script format.,https://princeton.edu,Unverified-Typical,,"ELIGIBILITY: grade 11 ONLY. CLOSES AT A CAP, NOT A DATE: 250 submissions ends it. Have the script finished before January or the portal may be gone. Date shown is an estimate of the opening, not a published deadline.",TRUE
Adroit Prizes for Poetry and Prose,Writing & Humanities,Writing|Poetry|Fiction|Nonfiction,Individual,1,1,9,12,Under $50,"$15, financial waivers available.",FALSE,Student,,"Submissions close May 1, 2027",2027-05-01,Submission,Weeks,"Submissions open April 1 and close May 1, 2027. One-month window.",Highly selective international creative writing prizes awarded annually by the editors of The Adroit Journal.,"Submit up to six poems for the Poetry Prize, or up to three stories or essays totaling under 3,500 words for the Prose Prize.",https://theadroitjournal.org,Verified-Official,,"Open to high schoolers and undergraduates, so you are competing against college students. One-month window with no early submission.",TRUE
Bow Seat Ocean Awareness Contest,Writing & Humanities,Writing|Art|Film|Poetry|Environment,Both,1,,9,12,Free,Free to enter.,FALSE,Student,,"Submissions due June 8, 2027",2027-06-08,Submission,Weeks,"Submissions open September 2026 and close June 8, 2027.",An international creative arts competition encouraging young people to advocate for ocean health and environmental conservation.,"Submit original work in Visual Art, Creative Writing, Film, Interactive and Multimedia, Performing Arts, or Poetry and Spoken Word addressing the annual environmental theme.",https://bowseat.org/programs/ocean-awareness-contest/,Verified-Official,,"Senior division is ages 15-18, Junior division ages 11-14. Cross-tags to STEM and environment, so it also fits a science-minded student.",TRUE
